Jobid,Experience,php,python,qa,js,level,qualification,age
1,0,0,0,0,1,1,1,4
2,1,0,0,0,1,2,2,3
3,0,0,0,0,1,1,1,3
4,4,0,0,0,1,3,3,4
5,2,0,1,0,0,2,2,4
6,3,0,1,0,0,3,3,5
7,5,0,0,1,0,3,3,3
8,5,0,0,1,0,3,3,5
9,1,0,0,1,0,2,2,2
10,2,0,1,0,0,2,2,2
11,2,0,0,0,1,2,2,2
12,5,1,0,0,0,3,3,3
13,2,0,0,1,0,2,2,1
14,4,0,1,0,0,3,3,1
15,1,1,0,0,0,2,2,1
16,0,0,1,0,0,1,1,5
17,2,1,0,0,0,2,2,4
18,1,1,0,0,0,2,2,1
19,4,0,0,0,1,3,3,5
20,3,0,0,0,1,3,3,5
21,3,1,0,0,0,3,3,5
22,3,0,0,1,0,3,3,4
23,0,0,0,0,1,1,1,4
24,3,1,0,0,0,3,3,3
25,1,1,0,0,0,2,2,2
26,2,0,0,0,1,2,2,1
27,3,0,1,0,0,3,3,3
28,4,0,0,1,0,3,3,6
29,3,0,0,0,1,3,3,3
30,0,1,0,0,0,1,1,1
31,0,1,0,0,0,1,1,1
32,1,0,1,0,0,2,2,2
33,3,0,0,0,1,3,3,4
34,5,0,0,1,0,3,3,1
35,0,1,0,0,0,1,1,3
36,2,0,0,0,1,2,2,1
37,3,0,0,1,0,3,3,1
38,0,0,0,1,0,1,1,3
39,2,1,0,0,0,2,2,3
40,2,1,0,0,0,2,2,5
41,4,0,1,0,0,3,3,4
42,1,0,1,0,0,2,2,4
43,0,0,0,1,0,1,1,4
44,4,1,0,0,0,3,3,4
45,5,0,0,0,1,3,3,3
46,4,0,0,0,1,3,3,4
47,5,1,0,0,0,3,3,1
48,5,1,0,0,0,3,3,2
49,1,0,1,0,0,2,2,4
50,1,0,0,0,1,2,2,3
51,3,0,0,1,0,3,3,2
52,3,0,0,0,1,3,3,1
53,5,1,0,0,0,3,3,5
54,3,0,0,0,1,3,3,5
55,3,1,0,0,0,3,3,1
56,3,1,0,0,0,3,3,4
57,5,0,0,0,1,3,3,5
58,1,0,1,0,0,2,2,1
59,1,1,0,0,0,2,2,3
60,5,1,0,0,0,3,3,4
61,3,0,0,1,0,3,3,4
62,0,0,0,0,1,1,1,4
63,5,0,0,0,1,3,3,1
64,4,1,0,0,0,3,3,1
65,1,1,0,0,0,2,2,4
66,3,0,0,1,0,3,3,1
67,1,0,1,0,0,2,2,4
68,4,0,1,0,0,3,3,5
69,2,0,1,0,0,2,2,4
70,3,0,0,1,0,3,3,4
71,4,0,1,0,0,3,3,4
72,4,0,0,0,1,3,3,6
73,0,0,1,0,0,1,1,2
74,4,0,0,1,0,3,3,4
75,4,1,0,0,0,3,3,2
76,1,1,0,0,0,2,2,4
77,0,0,1,0,0,1,1,5
78,3,0,0,0,1,3,3,2
79,2,0,0,0,1,2,2,3
80,1,0,0,1,0,2,2,4
81,3,0,0,0,1,3,3,5
82,0,0,0,0,1,1,1,5
83,2,0,1,0,0,2,2,1
84,5,1,0,0,0,3,3,5
85,2,0,0,1,0,2,2,2
86,1,1,0,0,0,2,2,4
87,3,1,0,0,0,3,3,1
88,1,0,1,0,0,2,2,2
89,1,0,1,0,0,2,2,3
90,1,0,1,0,0,2,2,5
91,2,0,1,0,0,2,2,1
92,5,0,0,0,1,3,3,4
93,1,0,0,1,0,2,2,3
94,1,1,0,0,0,2,2,1
95,1,0,0,1,0,2,2,2
96,0,0,1,0,0,1,1,3
97,5,0,0,0,1,3,3,2
98,2,1,0,0,0,2,2,1
99,1,0,1,0,0,2,2,3
100,1,0,0,0,1,2,2,2
101,0,0,0,0,1,1,1,1
102,4,0,0,1,0,3,3,2
103,0,0,0,1,0,1,1,6
104,0,0,1,0,0,1,1,2
105,0,0,1,0,0,1,1,4
106,3,0,1,0,0,3,3,1
107,1,1,0,0,0,2,2,1
108,5,0,0,0,1,3,3,5
109,3,0,1,0,0,3,3,5
110,3,0,0,0,1,3,3,3
111,2,0,0,0,1,2,2,2
112,5,0,1,0,0,3,3,4
113,2,1,0,0,0,2,2,2
114,2,1,0,0,0,2,2,4
115,0,0,0,0,1,1,1,3
116,5,0,1,0,0,3,3,4
117,3,1,0,0,0,3,3,2
118,3,0,1,0,0,3,3,6
119,0,0,1,0,0,1,1,5
120,2,0,0,1,0,2,2,2
121,2,0,0,0,1,2,2,5
122,2,0,0,1,0,2,2,1
123,5,1,0,0,0,3,3,2
124,1,0,0,0,1,2,2,5
125,1,0,0,1,0,2,2,3
126,1,0,0,1,0,2,2,5
127,1,0,0,1,0,2,2,4
128,2,0,0,0,1,2,2,6
129,3,0,1,0,0,3,3,5
130,2,0,1,0,0,2,2,3
131,0,0,0,0,1,1,1,3
132,1,0,0,1,0,2,2,5
133,2,0,1,0,0,2,2,3
134,0,0,0,0,1,1,1,4
135,3,0,1,0,0,3,3,5
136,4,1,0,0,0,3,3,1
137,1,0,0,1,0,2,2,5
138,0,0,0,0,1,1,1,3
139,5,0,1,0,0,3,3,4
140,2,0,0,1,0,2,2,3
141,4,1,0,0,0,3,3,4
142,4,0,0,0,1,3,3,5
143,5,0,1,0,0,3,3,2
144,0,0,0,0,1,1,1,3
145,2,0,1,0,0,2,2,5
146,5,1,0,0,0,3,3,2
147,1,0,1,0,0,2,2,5
148,5,0,0,1,0,3,3,1
149,5,0,0,1,0,3,3,3
150,3,0,0,1,0,3,3,3
151,5,0,0,0,1,3,3,1
152,5,0,0,0,1,3,3,3
153,1,0,0,0,1,2,2,6
154,5,1,0,0,0,3,3,1
155,0,0,1,0,0,1,1,3
156,0,0,1,0,0,1,1,1
157,1,0,1,0,0,2,2,5
158,0,0,0,1,0,1,1,4
159,4,0,0,0,1,3,3,5
160,3,0,0,0,1,3,3,4
161,3,1,0,0,0,3,3,5
162,5,0,0,0,1,3,3,3
163,1,0,0,0,1,2,2,2
164,2,0,1,0,0,2,2,3
165,1,0,0,0,1,2,2,3
166,3,0,1,0,0,3,3,3
167,1,0,0,1,0,2,2,6
168,0,0,0,1,0,1,1,4
169,2,0,1,0,0,2,2,2
170,1,0,0,0,1,2,2,5
171,3,0,0,0,1,3,3,2
172,2,1,0,0,0,2,2,4
173,0,0,1,0,0,1,1,4
174,1,0,1,0,0,2,2,6
175,0,0,1,0,0,1,1,2
176,2,0,0,1,0,2,2,2
177,1,0,0,1,0,2,2,3
178,0,1,0,0,0,1,1,3
179,2,0,1,0,0,2,2,1
180,3,0,1,0,0,3,3,3
181,0,0,0,0,1,1,1,4
182,3,1,0,0,0,3,3,4
183,4,0,0,0,1,3,3,1
184,3,0,0,1,0,3,3,2
185,0,0,0,1,0,1,1,1
186,3,0,0,1,0,3,3,5
187,5,0,0,1,0,3,3,5
188,1,1,0,0,0,2,2,1
189,4,0,0,0,1,3,3,1
190,0,1,0,0,0,1,1,4
191,4,0,0,1,0,3,3,5
192,3,0,0,1,0,3,3,5
193,3,0,1,0,0,3,3,2
194,5,0,1,0,0,3,3,3
195,2,0,1,0,0,2,2,1
196,5,0,0,0,1,3,3,2
197,4,0,0,1,0,3,3,5
198,2,0,0,0,1,2,2,5
199,4,0,1,0,0,3,3,5
200,1,0,1,0,0,2,2,3
201,2,1,0,0,0,2,2,2
202,2,0,0,0,1,2,2,4
203,2,1,0,0,0,2,2,4
204,3,0,0,0,1,3,3,5
205,4,0,0,0,1,3,3,4
206,5,0,0,0,1,3,3,3
207,0,0,0,0,1,1,1,4
208,3,0,1,0,0,3,3,5
209,1,1,0,0,0,2,2,5
210,3,0,0,0,1,3,3,5
211,2,0,0,0,1,2,2,3
212,1,1,0,0,0,2,2,2
213,1,0,0,0,1,2,2,5
214,0,1,0,0,0,1,1,2
215,0,0,0,1,0,1,1,1
216,5,0,0,1,0,3,3,2
217,3,1,0,0,0,3,3,2
218,1,0,0,1,0,2,2,3
219,3,1,0,0,0,3,3,2
220,2,0,0,1,0,2,2,1
221,3,0,0,1,0,3,3,2
222,1,0,0,0,1,2,2,6
223,2,0,0,0,1,2,2,2
224,3,0,1,0,0,3,3,4
225,2,0,0,0,1,2,2,3
226,4,0,0,1,0,3,3,5
227,5,0,1,0,0,3,3,2
228,0,0,1,0,0,1,1,4
229,2,0,0,1,0,2,2,1
230,4,0,0,1,0,3,3,2
231,5,0,1,0,0,3,3,1
232,1,0,1,0,0,2,2,3
233,0,1,0,0,0,1,1,4
234,1,0,0,1,0,2,2,5
235,1,0,0,0,1,2,2,5
236,3,0,1,0,0,3,3,4
237,5,0,0,0,1,3,3,5
238,2,0,0,0,1,2,2,3
239,1,0,0,1,0,2,2,5
240,5,0,0,1,0,3,3,5
241,0,1,0,0,0,1,1,1
242,3,0,0,0,1,3,3,1
243,5,0,0,1,0,3,3,2
244,1,0,0,1,0,2,2,1
245,1,0,1,0,0,2,2,3
246,5,1,0,0,0,3,3,2
247,1,0,0,0,1,2,2,3
248,3,0,0,1,0,3,3,1
249,5,0,1,0,0,3,3,2
250,2,0,0,1,0,2,2,5
251,3,1,0,0,0,3,3,6
252,1,1,0,0,0,2,2,6
253,3,1,0,0,0,3,3,5
254,4,0,1,0,0,3,3,2
255,3,0,0,1,0,3,3,5
256,2,1,0,0,0,2,2,4
257,3,0,1,0,0,3,3,2
258,4,1,0,0,0,3,3,4
259,5,1,0,0,0,3,3,5
260,1,0,0,0,1,2,2,1
261,4,1,0,0,0,3,3,4
262,4,0,0,1,0,3,3,2
263,4,0,0,1,0,3,3,4
264,2,0,0,1,0,2,2,3
265,5,0,0,0,1,3,3,2
266,4,1,0,0,0,3,3,5
267,0,0,0,0,1,1,1,1
268,5,0,0,0,1,3,3,1
269,5,1,0,0,0,3,3,2
270,2,0,1,0,0,2,2,1
271,2,0,0,1,0,2,2,5
272,2,0,0,1,0,2,2,5
273,4,0,1,0,0,3,3,5
274,1,0,1,0,0,2,2,1
275,2,0,1,0,0,2,2,4
276,1,1,0,0,0,2,2,3
277,2,0,0,0,1,2,2,4
278,4,1,0,0,0,3,3,1
279,1,0,0,0,1,2,2,2
280,3,0,1,0,0,3,3,1
281,4,0,1,0,0,3,3,5
282,3,1,0,0,0,3,3,2
283,1,0,0,0,1,2,2,1
284,4,0,1,0,0,3,3,2
285,3,0,1,0,0,3,3,1
286,5,0,0,1,0,3,3,3
287,0,0,1,0,0,1,1,1
288,3,0,0,1,0,3,3,2
289,1,0,0,1,0,2,2,2
290,1,1,0,0,0,2,2,2
291,5,0,1,0,0,3,3,4
292,1,0,0,1,0,2,2,2
293,5,0,0,1,0,3,3,4
294,3,0,1,0,0,3,3,3
295,4,0,0,1,0,3,3,4
296,4,1,0,0,0,3,3,2
297,1,1,0,0,0,2,2,3
298,3,0,0,0,1,3,3,1
299,2,0,1,0,0,2,2,1
300,0,0,1,0,0,1,1,3
301,4,0,0,0,1,3,3,5
302,5,0,0,0,1,3,3,1
303,0,1,0,0,0,1,1,1
304,1,0,0,1,0,2,2,1
305,2,1,0,0,0,2,2,1
306,2,0,0,0,1,2,2,6
307,1,1,0,0,0,2,2,4
308,0,0,0,1,0,1,1,2
309,5,0,0,1,0,3,3,1
310,4,1,0,0,0,3,3,5
311,2,1,0,0,0,2,2,1
312,5,0,0,1,0,3,3,3
313,2,1,0,0,0,2,2,3
314,2,0,1,0,0,2,2,1
315,2,1,0,0,0,2,2,3
316,0,0,0,0,1,1,1,2
317,1,0,1,0,0,2,2,2
318,1,0,1,0,0,2,2,1
319,3,0,1,0,0,3,3,5
320,5,0,0,1,0,3,3,4
321,5,0,0,1,0,3,3,3
322,3,1,0,0,0,3,3,1
323,1,0,0,0,1,2,2,4
324,5,0,0,0,1,3,3,3
325,4,0,1,0,0,3,3,4
326,2,1,0,0,0,2,2,5
327,4,1,0,0,0,3,3,1
328,0,0,1,0,0,1,1,1
329,5,0,0,0,1,3,3,5
330,2,1,0,0,0,2,2,2
331,3,0,0,1,0,3,3,3
332,2,0,0,1,0,2,2,2
333,1,0,0,1,0,2,2,2
334,2,0,0,1,0,2,2,4
335,0,1,0,0,0,1,1,5
336,0,0,0,0,1,1,1,4
337,2,0,1,0,0,2,2,5
338,4,0,1,0,0,3,3,2
339,0,0,0,0,1,1,1,4
340,0,0,1,0,0,1,1,3
341,5,1,0,0,0,3,3,6
342,1,0,0,0,1,2,2,3
343,0,0,1,0,0,1,1,1
344,3,0,1,0,0,3,3,5
345,1,0,0,0,1,2,2,1
346,2,1,0,0,0,2,2,3
347,0,1,0,0,0,1,1,2
348,3,0,0,1,0,3,3,1
349,5,0,0,1,0,3,3,3
350,1,0,0,0,1,2,2,5
351,1,1,0,0,0,2,2,3
352,1,0,1,0,0,2,2,5
353,1,0,0,0,1,2,2,1
354,2,0,0,0,1,2,2,6
355,5,0,1,0,0,3,3,5
356,0,0,0,0,1,1,1,4
357,2,1,0,0,0,2,2,2
358,1,0,1,0,0,2,2,4
359,1,1,0,0,0,2,2,3
360,1,0,1,0,0,2,2,3
361,0,0,0,1,0,1,1,1
362,4,0,0,0,1,3,3,1
363,3,0,1,0,0,3,3,3
364,2,1,0,0,0,2,2,2
365,5,0,0,1,0,3,3,1
366,3,0,1,0,0,3,3,4
367,0,0,0,0,1,1,1,2
368,2,0,0,1,0,2,2,1
369,4,0,0,0,1,3,3,3
370,2,1,0,0,0,2,2,1
371,4,0,1,0,0,3,3,2
372,3,0,1,0,0,3,3,3
373,0,1,0,0,0,1,1,2
374,1,0,1,0,0,2,2,4
375,3,0,1,0,0,3,3,1
376,1,1,0,0,0,2,2,2
377,4,0,0,1,0,3,3,2
378,4,1,0,0,0,3,3,5
379,5,1,0,0,0,3,3,4
380,4,1,0,0,0,3,3,5
381,3,0,0,0,1,3,3,5
382,2,1,0,0,0,2,2,1
383,5,1,0,0,0,3,3,5
384,0,0,0,0,1,1,1,5
385,3,0,1,0,0,3,3,1
386,5,0,0,0,1,3,3,1
387,4,0,0,1,0,3,3,5
388,5,0,0,1,0,3,3,2
389,1,0,1,0,0,2,2,5
390,1,0,1,0,0,2,2,3
391,1,1,0,0,0,2,2,5
392,1,0,1,0,0,2,2,1
393,2,1,0,0,0,2,2,3
394,1,1,0,0,0,2,2,5
395,0,0,0,0,1,1,1,1
396,4,0,0,1,0,3,3,4
397,5,1,0,0,0,3,3,4
398,5,1,0,0,0,3,3,3
399,1,0,0,0,1,2,2,5
400,4,0,1,0,0,3,3,3
401,3,1,0,0,0,3,3,4
402,1,0,1,0,0,2,2,2
403,5,0,0,0,1,3,3,1
404,2,0,0,0,1,2,2,6
405,4,1,0,0,0,3,3,2
406,2,0,0,1,0,2,2,3
407,1,1,0,0,0,2,2,2
408,5,0,0,0,1,3,3,1
409,3,1,0,0,0,3,3,3
410,2,0,0,0,1,2,2,2
411,0,0,0,0,1,1,1,4
412,1,1,0,0,0,2,2,1
413,0,0,1,0,0,1,1,1
414,3,0,0,0,1,3,3,5
415,3,0,1,0,0,3,3,4
416,2,1,0,0,0,2,2,3
417,2,0,0,0,1,2,2,5
418,3,0,0,1,0,3,3,2
419,1,0,0,1,0,2,2,1
420,2,1,0,0,0,2,2,2
421,2,1,0,0,0,2,2,3
422,3,0,0,0,1,3,3,2
423,0,0,1,0,0,1,1,1
424,1,0,0,0,1,2,2,3
425,2,0,1,0,0,2,2,3
426,4,0,1,0,0,3,3,5
427,2,1,0,0,0,2,2,5
428,2,0,0,1,0,2,2,4
429,4,0,0,0,1,3,3,2
430,2,0,0,0,1,2,2,2
431,0,1,0,0,0,1,1,3
432,3,0,1,0,0,3,3,5
433,5,0,0,0,1,3,3,1
434,5,0,0,1,0,3,3,3
435,2,1,0,0,0,2,2,1
436,0,0,1,0,0,1,1,5
437,3,0,1,0,0,3,3,1
438,2,1,0,0,0,2,2,3
439,2,0,1,0,0,2,2,5
440,1,1,0,0,0,2,2,2
441,0,0,1,0,0,1,1,4
442,2,0,0,1,0,2,2,4
443,3,1,0,0,0,3,3,3
444,5,0,0,1,0,3,3,4
445,4,0,0,1,0,3,3,2
446,1,0,0,1,0,2,2,4
447,3,0,1,0,0,3,3,1
448,1,0,0,0,1,2,2,3
449,0,0,0,1,0,1,1,1
450,1,1,0,0,0,2,2,3
451,0,0,0,1,0,1,1,4
452,5,0,0,1,0,3,3,2
453,0,0,0,1,0,1,1,2
454,4,0,1,0,0,3,3,4
455,5,1,0,0,0,3,3,3
456,5,0,1,0,0,3,3,2
457,2,0,0,0,1,2,2,2
458,3,1,0,0,0,3,3,2
459,0,0,1,0,0,1,1,5
460,1,0,1,0,0,2,2,5
461,1,0,1,0,0,2,2,4
462,4,0,1,0,0,3,3,2
463,0,0,1,0,0,1,1,2
464,3,1,0,0,0,3,3,4
465,5,0,0,1,0,3,3,5
466,0,1,0,0,0,1,1,4
467,3,0,0,1,0,3,3,5
468,4,0,0,0,1,3,3,5
469,5,0,0,0,1,3,3,4
470,1,0,0,0,1,2,2,5
471,2,0,0,0,1,2,2,4
472,2,0,0,1,0,2,2,5
473,5,0,0,0,1,3,3,5
474,5,1,0,0,0,3,3,2
475,4,0,1,0,0,3,3,4
476,4,1,0,0,0,3,3,5
477,5,0,0,0,1,3,3,4
478,2,0,0,1,0,2,2,3
479,2,0,0,0,1,2,2,3
480,3,0,0,0,1,3,3,3
481,4,0,0,0,1,3,3,2
482,3,0,0,0,1,3,3,1
483,0,1,0,0,0,1,1,5
484,1,0,1,0,0,2,2,5
485,1,0,1,0,0,2,2,4
486,1,1,0,0,0,2,2,5
487,0,0,1,0,0,1,1,4
488,2,0,0,1,0,2,2,3
489,4,0,1,0,0,3,3,5
490,0,0,0,0,1,1,1,4
491,4,0,1,0,0,3,3,5
492,3,0,1,0,0,3,3,1
493,3,1,0,0,0,3,3,1
494,5,0,0,0,1,3,3,4
495,1,1,0,0,0,2,2,4
496,5,1,0,0,0,3,3,5
497,0,1,0,0,0,1,1,2
498,3,0,1,0,0,3,3,3
499,1,1,0,0,0,2,2,3
500,2,1,0,0,0,2,2,1
501,0,0,0,1,0,1,1,5
502,5,0,0,1,0,3,3,3
503,3,0,0,0,1,3,3,2
504,2,0,0,0,1,2,2,1
505,1,0,0,1,0,2,2,2
506,4,0,0,0,1,3,3,3
507,3,0,0,1,0,3,3,3
508,3,0,1,0,0,3,3,4
509,2,1,0,0,0,2,2,4
510,0,0,1,0,0,1,1,4
511,2,1,0,0,0,2,2,6
512,3,0,0,1,0,3,3,1
513,1,0,0,1,0,2,2,1
514,2,1,0,0,0,2,2,2
515,4,0,1,0,0,3,3,4
516,5,0,0,1,0,3,3,3
517,5,0,1,0,0,3,3,2
518,4,0,1,0,0,3,3,1
519,3,1,0,0,0,3,3,3
520,3,0,0,0,1,3,3,3
521,4,1,0,0,0,3,3,6
522,0,0,0,0,1,1,1,2
523,4,0,1,0,0,3,3,1
524,3,0,0,0,1,3,3,2
525,3,0,0,0,1,3,3,4
526,5,0,1,0,0,3,3,2
527,5,1,0,0,0,3,3,3
528,0,1,0,0,0,1,1,3
529,3,0,0,0,1,3,3,4
530,5,0,0,1,0,3,3,3
531,0,0,1,0,0,1,1,1
532,0,0,1,0,0,1,1,1
533,1,0,0,0,1,2,2,4
534,0,1,0,0,0,1,1,2
535,0,0,0,1,0,1,1,2
536,4,0,0,1,0,3,3,1
537,4,0,0,1,0,3,3,2
538,4,1,0,0,0,3,3,3
539,1,0,0,1,0,2,2,1
540,4,1,0,0,0,3,3,5
541,1,0,0,0,1,2,2,4
542,1,0,1,0,0,2,2,1
543,4,0,1,0,0,3,3,5
544,2,1,0,0,0,2,2,6
545,1,1,0,0,0,2,2,3
546,3,0,0,1,0,3,3,2
547,0,1,0,0,0,1,1,4
548,0,0,0,0,1,1,1,4
549,2,0,1,0,0,2,2,1
550,3,0,1,0,0,3,3,5
551,3,0,0,0,1,3,3,5
552,2,0,0,0,1,2,2,4
553,2,0,0,0,1,2,2,4
554,3,0,0,0,1,3,3,4
555,2,0,0,0,1,2,2,4
556,4,0,0,0,1,3,3,5
557,1,0,1,0,0,2,2,3
558,4,1,0,0,0,3,3,3
559,2,0,0,0,1,2,2,1
560,1,1,0,0,0,2,2,2
561,2,0,1,0,0,2,2,2
562,2,0,1,0,0,2,2,1
563,1,0,0,1,0,2,2,2
564,5,0,0,1,0,3,3,3
565,2,0,0,0,1,2,2,3
566,2,0,0,0,1,2,2,6
567,0,0,0,0,1,1,1,1
568,2,1,0,0,0,2,2,1
569,0,1,0,0,0,1,1,1
570,5,0,0,0,1,3,3,3
571,5,0,0,0,1,3,3,5
572,1,1,0,0,0,2,2,3
573,5,0,1,0,0,3,3,4
574,2,0,1,0,0,2,2,1
575,4,0,1,0,0,3,3,1
576,2,0,0,1,0,2,2,2
577,2,0,0,0,1,2,2,2
578,2,0,0,0,1,2,2,1
579,5,1,0,0,0,3,3,4
580,5,1,0,0,0,3,3,4
581,2,0,0,1,0,2,2,2
582,3,0,0,0,1,3,3,2
583,2,1,0,0,0,2,2,1
584,5,0,1,0,0,3,3,1
585,0,0,1,0,0,1,1,2
586,5,0,0,0,1,3,3,4
587,2,1,0,0,0,2,2,1
588,3,0,0,1,0,3,3,2
589,3,0,1,0,0,3,3,3
590,5,0,0,1,0,3,3,1
591,1,0,0,1,0,2,2,5
592,3,0,0,1,0,3,3,4
593,0,0,0,0,1,1,1,4
594,5,0,0,0,1,3,3,4
595,1,0,0,0,1,2,2,3
596,3,0,0,1,0,3,3,1
597,2,0,0,1,0,2,2,3
598,1,0,0,1,0,2,2,2
599,3,0,0,1,0,3,3,1
600,0,0,0,1,0,1,1,2
601,1,1,0,0,0,2,2,5
602,4,0,0,1,0,3,3,1
603,5,1,0,0,0,3,3,2
604,1,1,0,0,0,2,2,4
605,4,1,0,0,0,3,3,3
606,4,1,0,0,0,3,3,2
607,4,0,0,1,0,3,3,4
608,1,0,1,0,0,2,2,2
609,1,0,0,1,0,2,2,3
610,2,0,0,1,0,2,2,3
611,5,0,1,0,0,3,3,5
612,0,0,1,0,0,1,1,3
613,0,1,0,0,0,1,1,5
614,1,1,0,0,0,2,2,5
615,2,0,0,0,1,2,2,2
616,4,1,0,0,0,3,3,5
617,1,0,1,0,0,2,2,4
618,1,1,0,0,0,2,2,2
619,2,0,1,0,0,2,2,4
620,2,0,0,0,1,2,2,1
621,2,0,0,0,1,2,2,3
622,1,0,1,0,0,2,2,1
623,1,0,0,1,0,2,2,1
624,2,1,0,0,0,2,2,5
625,3,0,1,0,0,3,3,3
626,3,0,0,1,0,3,3,1
627,1,0,0,0,1,2,2,1
628,5,1,0,0,0,3,3,2
629,0,0,0,1,0,1,1,3
630,2,0,1,0,0,2,2,2
631,3,0,0,1,0,3,3,2
632,4,0,0,1,0,3,3,1
633,2,0,0,0,1,2,2,3
634,5,0,0,0,1,3,3,4
635,1,0,0,0,1,2,2,6
636,3,0,0,1,0,3,3,1
637,3,0,1,0,0,3,3,3
638,4,1,0,0,0,3,3,4
639,1,0,0,1,0,2,2,2
640,0,0,1,0,0,1,1,3
641,0,1,0,0,0,1,1,4
642,2,1,0,0,0,2,2,3
643,0,0,0,1,0,1,1,2
644,3,0,1,0,0,3,3,4
645,3,0,0,0,1,3,3,1
646,1,0,1,0,0,2,2,5
647,2,0,0,0,1,2,2,1
648,5,0,0,0,1,3,3,2
649,4,0,0,0,1,3,3,5
650,3,0,0,0,1,3,3,5
651,2,0,0,0,1,2,2,1
652,1,0,0,1,0,2,2,5
653,5,0,0,0,1,3,3,3
654,4,0,0,0,1,3,3,4
655,0,0,0,1,0,1,1,4
656,2,0,0,0,1,2,2,4
657,0,0,0,1,0,1,1,4
658,0,1,0,0,0,1,1,4
659,5,0,0,0,1,3,3,1
660,5,0,1,0,0,3,3,3
661,3,0,0,1,0,3,3,1
662,4,1,0,0,0,3,3,4
663,1,0,1,0,0,2,2,4
664,1,0,0,1,0,2,2,2
665,4,1,0,0,0,3,3,1
666,2,0,0,0,1,2,2,1
667,1,0,1,0,0,2,2,4
668,3,1,0,0,0,3,3,4
669,0,0,0,1,0,1,1,5
670,4,0,0,1,0,3,3,4
671,5,0,0,1,0,3,3,1
672,0,0,0,1,0,1,1,1
673,5,0,0,0,1,3,3,1
674,3,0,0,1,0,3,3,3
675,0,0,0,0,1,1,1,2
676,3,1,0,0,0,3,3,3
677,4,1,0,0,0,3,3,3
678,4,1,0,0,0,3,3,2
679,3,0,1,0,0,3,3,5
680,3,0,1,0,0,3,3,3
681,4,0,0,0,1,3,3,2
682,0,0,0,1,0,1,1,3
683,1,0,1,0,0,2,2,4
684,1,1,0,0,0,2,2,5
685,0,0,0,0,1,1,1,2
686,5,1,0,0,0,3,3,3
687,5,0,0,0,1,3,3,4
688,2,0,0,0,1,2,2,5
689,1,0,1,0,0,2,2,5
690,2,0,0,0,1,2,2,2
691,0,1,0,0,0,1,1,4
692,1,0,0,0,1,2,2,5
693,4,1,0,0,0,3,3,3
694,3,1,0,0,0,3,3,4
695,5,1,0,0,0,3,3,3
696,0,0,1,0,0,1,1,3
697,1,1,0,0,0,2,2,3
698,2,1,0,0,0,2,2,2
699,2,1,0,0,0,2,2,3
700,3,0,1,0,0,3,3,3
701,4,0,1,0,0,3,3,4
702,2,0,1,0,0,2,2,1
703,1,0,0,1,0,2,2,4
704,3,0,0,1,0,3,3,2
705,5,1,0,0,0,3,3,4
706,1,0,0,0,1,2,2,1
707,1,0,0,0,1,2,2,4
708,1,0,1,0,0,2,2,4
709,4,0,1,0,0,3,3,2
710,1,1,0,0,0,2,2,5
711,3,1,0,0,0,3,3,1
712,3,0,0,1,0,3,3,3
713,4,1,0,0,0,3,3,1
714,3,0,1,0,0,3,3,4
715,4,1,0,0,0,3,3,4
716,1,0,0,1,0,2,2,2
717,0,0,0,1,0,1,1,5
718,0,0,0,0,1,1,1,5
719,0,0,0,0,1,1,1,4
720,4,1,0,0,0,3,3,6
721,3,1,0,0,0,3,3,4
722,1,0,0,1,0,2,2,2
723,2,0,0,1,0,2,2,2
724,4,0,0,1,0,3,3,2
725,5,1,0,0,0,3,3,4
726,2,1,0,0,0,2,2,1
727,5,0,1,0,0,3,3,1
728,3,0,0,0,1,3,3,3
729,4,0,1,0,0,3,3,2
730,2,0,1,0,0,2,2,5
731,1,0,1,0,0,2,2,4
732,2,0,0,0,1,2,2,5
733,2,0,0,1,0,2,2,1
734,1,0,1,0,0,2,2,1
735,5,1,0,0,0,3,3,3
736,4,1,0,0,0,3,3,3
737,4,0,1,0,0,3,3,1
738,4,0,0,1,0,3,3,3
739,5,1,0,0,0,3,3,1
740,4,0,0,0,1,3,3,1
741,0,1,0,0,0,1,1,2
742,3,1,0,0,0,3,3,2
743,4,0,1,0,0,3,3,1
744,2,0,0,0,1,2,2,1
745,1,0,1,0,0,2,2,4
746,5,0,1,0,0,3,3,1
747,0,0,0,1,0,1,1,5
748,0,0,1,0,0,1,1,5
749,0,0,0,1,0,1,1,3
750,1,0,0,0,1,2,2,2
751,5,0,0,0,1,3,3,3
752,1,0,0,1,0,2,2,3
753,1,0,1,0,0,2,2,3
754,0,1,0,0,0,1,1,4
755,3,0,0,0,1,3,3,4
756,2,0,0,1,0,2,2,6
757,3,0,0,0,1,3,3,3
758,4,0,0,1,0,3,3,4
759,3,0,1,0,0,3,3,1
760,0,1,0,0,0,1,1,6
761,2,0,0,1,0,2,2,1
762,5,0,0,1,0,3,3,5
763,4,1,0,0,0,3,3,2
764,1,1,0,0,0,2,2,6
765,5,1,0,0,0,3,3,5
766,4,1,0,0,0,3,3,3
767,1,1,0,0,0,2,2,1
768,3,0,0,1,0,3,3,5
769,2,0,0,1,0,2,2,4
770,0,0,0,0,1,1,1,2
771,1,0,0,0,1,2,2,5
772,4,0,0,1,0,3,3,6
773,1,0,0,0,1,2,2,2
774,3,1,0,0,0,3,3,1
775,1,0,1,0,0,2,2,4
776,2,0,0,1,0,2,2,4
777,2,1,0,0,0,2,2,4
778,4,1,0,0,0,3,3,6
779,2,0,0,1,0,2,2,2
780,4,1,0,0,0,3,3,3
781,4,1,0,0,0,3,3,1
782,4,0,1,0,0,3,3,6
783,2,0,0,0,1,2,2,2
784,0,0,0,0,1,1,1,3
785,3,0,0,0,1,3,3,4
786,3,0,0,0,1,3,3,5
787,0,0,0,1,0,1,1,2
788,1,0,1,0,0,2,2,2
789,1,0,1,0,0,2,2,3
790,5,0,0,0,1,3,3,5
791,2,0,1,0,0,2,2,1
792,1,0,0,1,0,2,2,4
793,2,0,0,1,0,2,2,1
794,4,0,0,0,1,3,3,3
795,1,1,0,0,0,2,2,3
796,1,0,0,0,1,2,2,2
797,2,0,0,1,0,2,2,5
798,2,0,1,0,0,2,2,2
799,2,1,0,0,0,2,2,5
800,0,0,0,1,0,1,1,5
801,4,0,0,1,0,3,3,5
802,5,0,1,0,0,3,3,1
803,5,0,1,0,0,3,3,6
804,0,0,0,1,0,1,1,2
805,5,1,0,0,0,3,3,3
806,0,0,1,0,0,1,1,3
807,1,1,0,0,0,2,2,2
808,4,1,0,0,0,3,3,1
809,4,0,0,1,0,3,3,1
810,4,0,1,0,0,3,3,3
811,1,0,1,0,0,2,2,4
812,4,0,1,0,0,3,3,5
813,3,0,0,0,1,3,3,2
814,5,0,1,0,0,3,3,3
815,4,0,0,0,1,3,3,4
816,0,0,1,0,0,1,1,5
817,5,0,0,0,1,3,3,4
818,4,1,0,0,0,3,3,1
819,5,1,0,0,0,3,3,1
820,0,1,0,0,0,1,1,4
821,3,0,0,0,1,3,3,4
822,2,0,0,1,0,2,2,2
823,1,0,1,0,0,2,2,4
824,4,1,0,0,0,3,3,3
825,4,1,0,0,0,3,3,4
826,2,0,1,0,0,2,2,3
827,5,0,0,0,1,3,3,4
828,4,0,0,1,0,3,3,3
829,0,0,0,1,0,1,1,2
830,1,0,0,0,1,2,2,4
831,2,1,0,0,0,2,2,4
832,5,1,0,0,0,3,3,5
833,1,1,0,0,0,2,2,2
834,0,1,0,0,0,1,1,1
835,5,0,0,0,1,3,3,4
836,3,0,0,0,1,3,3,5
837,0,0,1,0,0,1,1,4
838,3,0,0,0,1,3,3,4
839,2,0,0,0,1,2,2,2
840,0,0,0,0,1,1,1,6
841,2,0,0,1,0,2,2,3
842,4,0,1,0,0,3,3,3
843,4,0,1,0,0,3,3,3
844,0,0,0,1,0,1,1,1
845,1,1,0,0,0,2,2,1
846,1,1,0,0,0,2,2,5
847,1,0,0,0,1,2,2,2
848,3,0,0,0,1,3,3,3
849,0,0,0,0,1,1,1,4
850,0,0,0,1,0,1,1,2
851,0,0,0,0,1,1,1,3
852,3,1,0,0,0,3,3,2
853,4,1,0,0,0,3,3,2
854,1,0,0,0,1,2,2,4
855,4,1,0,0,0,3,3,1
856,4,0,0,1,0,3,3,5
857,3,1,0,0,0,3,3,5
858,4,1,0,0,0,3,3,2
859,5,0,0,0,1,3,3,1
860,5,0,0,1,0,3,3,4
861,4,1,0,0,0,3,3,4
862,5,0,0,0,1,3,3,2
863,2,0,1,0,0,2,2,5
864,2,0,1,0,0,2,2,4
865,4,0,0,1,0,3,3,2
866,2,0,0,0,1,2,2,1
867,3,0,1,0,0,3,3,2
868,1,1,0,0,0,2,2,5
869,4,0,0,0,1,3,3,5
870,0,0,0,0,1,1,1,2
871,2,1,0,0,0,2,2,4
872,0,0,0,0,1,1,1,3
873,0,1,0,0,0,1,1,3
874,1,0,1,0,0,2,2,5
875,0,0,0,0,1,1,1,4
876,2,0,1,0,0,2,2,4
877,0,0,0,0,1,1,1,1
878,2,0,0,1,0,2,2,5
879,0,0,1,0,0,1,1,2
880,2,1,0,0,0,2,2,4
881,2,0,0,1,0,2,2,2
882,4,0,0,1,0,3,3,2
883,5,1,0,0,0,3,3,3
884,0,0,0,1,0,1,1,3
885,5,0,1,0,0,3,3,3
886,5,0,0,0,1,3,3,4
887,2,0,0,0,1,2,2,3
888,4,0,1,0,0,3,3,5
889,3,0,0,0,1,3,3,3
890,5,1,0,0,0,3,3,2
891,2,1,0,0,0,2,2,3
892,4,0,1,0,0,3,3,5
893,0,0,0,0,1,1,1,4
894,5,0,0,1,0,3,3,1
895,4,0,1,0,0,3,3,5
896,3,0,0,0,1,3,3,1
897,0,0,0,1,0,1,1,3
898,1,0,0,1,0,2,2,2
899,3,0,0,1,0,3,3,1
900,1,0,0,1,0,2,2,6
901,5,1,0,0,0,3,3,6
902,3,1,0,0,0,3,3,1
903,3,0,0,0,1,3,3,1
904,5,0,0,0,1,3,3,2
905,4,0,0,0,1,3,3,3
906,1,0,0,1,0,2,2,3
907,1,0,0,0,1,2,2,3
908,4,0,0,1,0,3,3,2
909,5,0,0,1,0,3,3,2
910,1,0,0,0,1,2,2,5
911,2,1,0,0,0,2,2,5
912,4,0,1,0,0,3,3,3
913,3,0,0,1,0,3,3,5
914,0,0,0,1,0,1,1,1
915,2,0,0,0,1,2,2,2
916,0,0,1,0,0,1,1,5
917,2,1,0,0,0,2,2,3
918,1,0,0,0,1,2,2,6
919,1,0,0,0,1,2,2,5
920,1,0,1,0,0,2,2,3
921,3,0,0,1,0,3,3,3
922,5,0,1,0,0,3,3,4
923,5,0,0,0,1,3,3,2
924,5,0,0,0,1,3,3,5
925,1,1,0,0,0,2,2,2
926,3,0,1,0,0,3,3,5
927,3,0,0,0,1,3,3,1
928,3,0,1,0,0,3,3,3
929,4,1,0,0,0,3,3,5
930,5,0,0,0,1,3,3,5
931,0,1,0,0,0,1,1,4
932,0,0,0,0,1,1,1,3
933,0,1,0,0,0,1,1,1
934,4,0,0,0,1,3,3,3
935,4,1,0,0,0,3,3,1
936,3,0,0,0,1,3,3,1
937,3,0,1,0,0,3,3,3
938,0,0,0,0,1,1,1,1
939,0,0,1,0,0,1,1,4
940,4,0,0,1,0,3,3,2
941,1,1,0,0,0,2,2,4
942,0,1,0,0,0,1,1,1
943,5,0,0,1,0,3,3,3
944,0,0,0,0,1,1,1,5
945,4,0,0,1,0,3,3,4
946,1,0,1,0,0,2,2,2
947,2,0,0,0,1,2,2,1
948,3,0,0,1,0,3,3,5
949,3,0,0,0,1,3,3,1
950,1,0,0,1,0,2,2,2
951,1,0,1,0,0,2,2,5
952,0,1,0,0,0,1,1,1
953,2,1,0,0,0,2,2,3
954,5,0,0,1,0,3,3,5
955,1,0,1,0,0,2,2,5
956,4,1,0,0,0,3,3,4
957,2,0,0,1,0,2,2,2
958,5,0,0,0,1,3,3,5
959,1,0,1,0,0,2,2,4
960,2,0,0,1,0,2,2,2
961,1,0,1,0,0,2,2,2
962,4,0,1,0,0,3,3,1
963,1,0,1,0,0,2,2,6
964,0,0,0,1,0,1,1,4
965,3,0,0,1,0,3,3,1
966,2,0,1,0,0,2,2,1
967,0,0,1,0,0,1,1,2
968,2,1,0,0,0,2,2,2
969,4,1,0,0,0,3,3,1
970,5,0,1,0,0,3,3,4
971,1,0,0,1,0,2,2,3
972,2,1,0,0,0,2,2,3
973,2,0,0,1,0,2,2,4
974,0,0,0,1,0,1,1,2
975,3,1,0,0,0,3,3,4
976,1,1,0,0,0,2,2,3
977,4,0,0,1,0,3,3,1
978,4,0,1,0,0,3,3,4
979,3,1,0,0,0,3,3,1
980,1,0,0,1,0,2,2,5
981,2,0,1,0,0,2,2,1
982,4,0,0,0,1,3,3,3
983,5,0,0,0,1,3,3,1
984,0,0,0,0,1,1,1,1
985,5,0,0,0,1,3,3,3
986,0,0,0,1,0,1,1,3
987,3,1,0,0,0,3,3,3
988,2,0,0,1,0,2,2,5
989,3,1,0,0,0,3,3,2
990,0,0,0,0,1,1,1,3
991,4,0,1,0,0,3,3,2
992,1,0,0,0,1,2,2,2
993,1,0,1,0,0,2,2,1
994,0,0,0,1,0,1,1,1
995,1,0,0,0,1,2,2,3
996,1,0,1,0,0,2,2,1
997,0,1,0,0,0,1,1,1
998,2,0,0,0,1,2,2,5
999,0,0,0,1,0,1,1,5
1000,1,0,1,0,0,2,2,4
